지출목적별,2019. 01,2019. 02,2019. 03,2019. 04,2019. 05,2019. 06,2019. 07,2019. 08,2019. 09,2019. 10,2019. 11,2019. 12,2020. 06
0 총지수,104.24,104.69,104.49,104.87,105.05,104.88,104.56,104.81,105.2,105.46,104.87,105.12,104.87
01 식료품 · 비주류음료,108.8,109.54,108.48,109.4,108.83,107.64,106.68,107.7,110.52,110.74,107.89,109.01,111.18
01.1 식료품,109.22,110.04,108.95,109.99,109.31,108.02,106.98,108.06,111.14,111.29,108.36,109.56,111.77
빵 및 곡물,112.3,112.5,113.26,113.39,113.64,113.5,113.39,113.2,113.09,113.48,113.38,113.02,113.15
쌀,118.25,118.07,118.02,117.1,117.41,116.82,116.47,115.82,116.02,116.16,116.39,115.48,114.58
현미,120.13,120.64,120.63,120.46,120.1,120.46,121.13,120.77,120.85,120.89,119.92,118.64,114.83
찹쌀,122.34,121.88,121.52,122.26,121.93,121.93,119.5,118.54,120.26,120.42,119.78,117.57,114.29
보리쌀,106.68,106.68,106.67,106.69,106.35,106.43,105.48,103.43,102.69,101.98,101.78,100.26,95.24
콩,151.86,152.22,152.28,152.71,152.76,151.5,150.19,149.27,147.65,146.41,144.57,139.58,126.95
땅콩,103.43,104.68,105.86,105.54,106.05,106.16,106.9,106.4,106.89,105.9,107.13,108.4,112.42
혼식곡,101.75,102.11,102.25,102.28,102.66,103.32,103.75,104.13,104.33,104.34,104.1,103.68,101.85
밀가루,98.23,99.72,100.79,100.87,101.01,101.27,100.69,100.75,99.59,101.25,100.68,101.14,99.32
국수,96.05,96.84,96.55,89.9,92.06,92,92.92,89.32,93.2,94.58,92.77,93.57,97.48
라면,104.81,104.24,104.92,103.87,105.44,106.01,105.73,106.21,104.47,105.34,104.37,104.46,105.78
당면,105.15,101.14,106.44,105.51,103.98,105.27,105.68,107.06,100.88,103.09,104.87,104.58,107.46
두부,98.81,99.8,100.65,101.03,101.29,100.55,100.19,101.43,101.34,101.87,101.18,102.38,102.81
시리얼,94.4,98.58,94.4,95.45,95.47,90.56,96.33,89.09,95.01,91.28,94.28,91.36,92.86
부침가루,94.72,94.96,99.16,99.39,97.55,98.19,94.46,99.71,93.29,99.62,100.6,100.91,101.93
케이크,117.11,117.74,117.82,117.84,117.83,117.83,117.86,117.9,117.91,117.95,117.95,117.95,120
빵,114.15,114.32,116.5,118.83,119,119.03,119.07,119.06,119.06,119.07,119.14,119.2,120.45
떡,110.24,111.19,111.57,111.9,111.66,111.93,112.46,112.54,112.71,113.71,113.76,113.94,114.11
파스타면,96.7,97.03,97.31,96.39,95.06,97.35,96.7,96.8,96.34,95.49,95.69,96.13,106.85
육류,103.46,103.73,102.9,105.78,106.31,105.98,105.59,105.58,108.72,109.07,104.54,105.95,116.97
국산쇠고기,117.82,118.66,118.02,118.18,118.24,117.78,118.39,119.23,120.71,121.75,121.45,121.72,130.19
수입쇠고기,108.51,109.8,108.87,108.56,108.97,110.05,108.94,109.83,112,112.35,112.35,113.18,113.23
돼지고기,92.28,91.81,91.52,100.1,101.85,101.74,101.41,100.84,106.78,106.27,94.47,98.58,118.47
닭고기,108.9,109.17,103.98,103.35,101,98.56,95.53,96.89,97.09,99.43,96.45,95.5,96.15
소시지,97.18,97.5,97.43,97.98,96.91,96.2,96.06,98.51,93.82,97.21,95.99,96.93,103.18
햄및베이컨,94.64,94.67,93.76,92.49,92.86,92.08,91.2,88.24,93.16,92.03,92.01,90.25,99.43
어류 및 수산,111.64,111.65,111.52,112.5,113.13,113.48,113.72,111.85,113.02,114.19,114.92,116.99,120.4
갈치,90.56,92.89,92.75,93.74,94.69,97.14,96.48,91.59,92.5,92.31,91.46,91.89,101.2
명태,106.05,104.78,107.17,105.92,105.9,102.23,103.54,106.14,109.34,115.46,117.29,120.9,120.64
조기,95.7,95.38,95.19,95.26,94.62,95.06,95.63,96.01,95.67,95.65,94.92,95.08,96
고등어,90.12,91.46,91.1,93.49,95.24,97.48,99.82,91.45,93.92,94.35,94.84,98.33,111.61
오징어,192.24,189.38,189.86,187.7,191.4,190.42,186.86,181.8,188.54,188.7,194.26,206.65,202.65
게,137.72,138.02,136.21,136.59,137.06,138.68,140.64,141.46,138.55,138.96,138.69,140.83,148.29
굴,115.47,108.64,99.56,99.96,100.53,100.94,101.2,99,100.24,110.01,117.86,120.54,106.37
조개,112.86,113.14,112.99,115.41,114.81,115.08,114.43,115.03,115.45,116.79,117.62,118.02,122.94
전복,82.44,82.16,82.02,79.99,80.14,79.37,75.73,74.75,78.36,78.62,79.45,80.67,79.05
마른멸치,104.95,105.78,106.35,106.69,106.76,106.98,107.18,107.25,106.74,107.01,107.63,107.98,109.92
마른오징어,194.59,199.09,202.37,206.47,207.12,206.87,208.47,207.9,206.5,206.48,204.58,208.87,213.6
낙지,137.49,136.66,134.34,133.84,131.77,131.2,128.89,127.27,127.15,126.65,125.4,130.15,130.51
오징어채,140.34,140.86,140.99,142.17,143.97,143.6,143.17,142.9,144.46,145.01,145.28,143.89,143.09
북어채,106.07,106.57,106.14,107.82,109.23,110.2,112.47,112.92,113.57,113.22,114.01,114.26,114.86
어묵,107.56,107.66,111.56,115.48,116.6,116.35,116.48,116.99,117.76,117.91,117.11,117.83,117.2
맛살,99.94,100.87,103.96,107.56,108.18,108,107.93,107.99,105.81,106.75,106.75,105.64,106.16
생선통조림,107.05,107.49,107.55,107.57,107.5,107.31,106.78,107.05,107.01,106.38,106.54,107.27,110.92
젓갈,125.27,125.48,126.19,129.03,129.76,130.02,130.55,131.04,131.38,131.9,130.73,129.87,134.65
우유 · 치즈 및 계란,100.74,100.98,100.35,101.97,102.4,101.91,102.13,101.69,102.42,103.08,103.72,103.45,104.3
우유,103.18,104.67,105.08,105.19,105.2,105.29,105.36,105.2,105.33,105.3,105.24,105.34,105.58
분유,86.37,86.62,87.63,87.61,87.58,87.5,85.02,87.49,87.01,82.73,85.86,85.83,87.02
치즈,100.95,101.36,101.63,101.33,101.34,101.01,100.99,99.39,99.97,98.99,100.26,99.43,99.98
발효유,105.36,105.75,104.99,105.43,105.92,105.19,105.43,105.37,105.35,105.07,105.45,104.36,108.15
달걀,92.25,89.46,85.92,93.19,94.7,93.03,94.54,92.44,95.74,101,102.4,102.31,101.38
식용유지,99.35,98.7,97.23,96.48,98.09,99.8,98.01,97.84,96.63,96.52,98.77,99.47,102.7
참기름,103.82,105.61,103.7,104.01,107.8,108.48,107.47,107.24,106.91,107.42,113.08,114.57,119.22
식용유,95.64,93.05,91.94,90.34,90.2,92.73,90.31,90.18,88.28,87.67,87.19,87.26,89.33
과일,117.49,121.55,120.03,123.33,117.23,109.01,102.67,100.55,109.31,104.63,96.54,103.69,105.89
사과,102.84,106.84,103.81,105.34,99.49,91.14,82.11,79.11,108.83,91.72,91.98,90.45,85.17
배,125.26,143.82,142.52,141.85,133.96,122.76,110.6,106.54,136.19,116.42,110.86,113.2,103.25
복숭아,107.44,111.24,110.04,109.74,103.69,95.11,116.27,92.34,103.26,92.96,85.19,83.49,74.94
포도,119.48,127.06,120.7,114.08,107.35,112.54,122.21,136.91,121.38,113.08,103.11,104.01,115.56
밤,111.66,115.14,114.24,113.66,107.39,98.29,88.55,85.43,108.51,100.02,106.96,116.6,110.71
감,137.96,146.47,147.13,146.67,138.53,127.07,114.24,109.74,110.43,142.1,117.27,125.43,130.52
귤,127.83,144.09,177.62,176.72,166.89,152.78,137.71,132.77,133.6,180.85,124.73,106.3,138.56
오렌지,99.69,104.08,103.29,93.02,85.25,86.36,77.88,74.83,75.21,67.82,62.19,60.89,92.9
참외,94.54,98,96.83,152.5,126.42,109.37,81.19,85.98,86.6,77.78,71.31,70.06,111.46
수박,147.32,152.55,150.99,150.42,145.94,117.87,107.47,113.3,114.02,102.59,94.2,92.32,119
딸기,116.52,104.51,85.62,80.46,81.46,74.71,67.36,64.82,65.29,58.76,54.14,126.68,78.33
바나나,99.42,107.12,105.94,110.82,109.71,112.16,109.73,106.68,111.66,110.43,107.19,105.45,111.97
키위,94.24,94.01,92,92.54,96.89,96.57,97.15,89.41,92.39,92.31,94.29,96.56,96.77
블루베리,90.41,90.05,92.1,92.42,91.47,90.36,89.19,89.52,89.33,91.39,93.14,92.57,98.03
아몬드,89.81,89.92,90.54,91.06,90.23,90.62,89.54,88.23,88.48,88.67,87.94,88.91,87.99
과일가공품,106.02,105.98,106.85,105.14,106.23,106.02,106.52,106.59,107.36,107.04,106.95,107.6,107.27
채소 및 해조,111.81,113.54,106.98,104.97,102.75,101.2,100.77,112.88,122.96,127.28,117.92,117.46,110.52
배추,87.93,84.48,79.19,78.01,79.82,96.24,121.19,132.95,190.04,233.75,163.48,147.54,152.14
상추,106.82,105.65,100.62,100.03,102.25,94.55,110.82,177.62,162.73,192.68,138.66,122.68,111.22
시금치,91.36,97.38,76.25,78.84,80.6,88.43,117.52,240.7,254.8,154.85,115.84,104.23,108.82
양배추,131.01,122.09,119.39,117.42,123.96,133.43,134.99,126.6,120.8,131.28,158.99,173.92,156.55
미나리,149.08,161.92,125.68,105.56,91.96,84.65,84.01,116.43,143.41,137.37,142.25,154.37,93.44
깻잎,125.6,122.74,106.13,101.65,105.43,98.65,92.34,117.94,137.43,143.93,116.28,121.44,108.86
부추,138.63,144.66,105.73,109.14,84.74,71.43,67.99,92.38,102.75,99.87,125.29,146.85,89.74
무,103.21,102.2,97.34,96.77,112.86,118.11,120.64,119.57,144.6,198.14,206.52,213.91,128.04
열무,83.68,84.95,111.32,105.56,91.85,96.1,101.86,190.34,167.2,183.8,168.74,168.43,126.36
당근,141.11,130.75,116.57,117.7,128.48,121.61,120.89,120.94,133.06,150.38,174.07,173.95,148.34
감자,147.7,146.39,150.16,168.33,143.29,108.9,85.06,78.67,79.32,78.04,78.14,86.82,117.5
고구마,128.15,128.57,124.1,124.47,123.86,124.21,121.68,116.94,107.93,102.43,96.65,97.84,161.75
도라지,102.62,103.39,103.3,104.09,107.85,108.77,108.55,108.09,110.18,110.72,111.91,111.68,109.95
콩나물,110.74,110.8,110.05,110.72,110.68,110.95,110.9,110.51,109.92,109.98,110.13,110.14,111.48
버섯,94.09,99.46,90.73,90.33,87.79,86.89,87.07,88.25,101.1,94.89,91.09,89.82,83.81
오이,126.95,138.09,126.36,100.75,89.6,82.32,91.2,123.56,106.22,126.47,135.53,144.28,83.4
풋고추,97.32,114.45,120.04,95.97,96.85,94.55,93.14,105.08,116.16,108.55,112.81,106.27,96.08
호박,129.28,129.25,105.14,82.99,73.04,84.25,77.9,126.72,124.32,113.22,91.98,97.06,90.94
가지,122.79,124.65,116.39,130.57,116.9,103.93,78.2,89.56,91.79,111.27,121.45,121.13,100.15
토마토,130.56,134.66,135.34,132.88,108.09,91.43,84.5,89.41,106.67,135.21,132.42,138.89,93.76
파,103.86,93.01,74.27,64.3,72.62,97.34,97.26,109.52,113.91,109.93,106.32,100.21,98.98
양파,79.57,77.76,76.68,91.98,100.24,87.65,72.57,67.39,70.75,71.94,72.87,78.73,109.53
마늘,114.04,113.27,111.2,112.8,112.6,110.56,100.67,92.69,91.98,89.67,87.78,86.78,87.37
브로콜리,92.44,97.85,96.05,126.07,153.5,120.24,112.92,141.31,174.88,151.3,149.87,169.95,114.24
고사리,98.19,98.53,98.85,98.83,99.47,99.56,99.24,99.61,99.7,99.2,98.78,99.63,101.22
파프리카,112.16,130.33,102.81,97.76,88.83,84.5,76.03,81.67,142.34,134.93,109.5,99.72,85.55
단무지,98.98,99.27,96.78,98.02,100.16,99.42,101.27,99.46,97.25,99.89,98.65,99.82,100.35
김,140.89,140.84,140.97,138.9,140.57,140.17,142.7,142.7,142.46,142.76,143.97,144.95,145.97
맛김,112.99,113.72,114.31,113.03,113.49,113.14,112.14,111.85,114.62,112.5,111.56,110.19,112.01
미역,104.72,104.85,105.01,104.8,105.16,104.97,105.37,104.28,105.55,105.47,105.15,105.07,105.33
과자 · 빙과류 및 당류,101.88,101.77,101.28,101.81,102.21,101.71,99.9,101.03,102.09,101.72,102.82,102.44,102.09
초콜릿,101.39,98.16,98.73,102.4,101.74,102.77,101.73,103.4,103.68,105.14,105.17,105.27,104.58
사탕,96.37,96.47,88.03,98.29,96.01,99.33,96.09,98.71,100.28,100.27,96.37,98.53,95.89
껌,94.77,94.81,94.45,93.37,91.58,93.38,92.41,94.47,92.6,92.5,93.36,96.07,94.53
아이스크림,99,98.68,98.17,96.96,98.86,97.11,95.35,94.91,96.89,100.53,100.22,101.05,99.18
비스킷,102.03,100.46,101.36,99.76,102.33,99.01,98.46,101.61,101.17,102.26,101.4,101.56,98.33
스낵과자,107.61,108.85,109.19,109.31,108.74,109.28,105.46,106.96,109.27,104.15,109.19,106.26,109.61
파이,88.67,89.13,87.97,89.59,88.22,88.14,88.83,87.89,87.89,86.96,88.67,88.86,90.48
설탕,101.13,101.3,101.5,101.59,101.3,100.09,100.96,101.18,101.15,101.18,101.18,101.46,100.33
잼,103.27,103.55,103.35,104.28,104.02,104.76,104.36,104.24,104.47,104.4,106.33,107.5,103.17
꿀,116.98,116.69,117.16,117.4,118.04,118.91,118.61,118.83,118.68,118.34,118.41,118.07,116.82
물엿,99.08,101.1,100.63,100.59,100.67,99.56,100.41,100.49,97.66,100.24,100.55,100.93,98.72
기타 식료품,111.13,111.18,111.79,111.88,112.45,112.88,113.06,113.15,111.88,111,110.09,109.93,111.36
고춧가루,142.49,142,140.16,140.01,139.47,139.11,138.35,136.6,131.49,127.14,122.41,121.52,120.84
참깨,106.37,103.71,107.9,108.18,108.3,108.46,108.45,108.6,104.59,107.88,108.03,108.16,108.8
생강,144.76,147.06,152.06,157.03,161.14,173.46,201.17,207.63,205.27,123.32,103.5,105.12,143.41
소금,98.99,100.24,100.48,100.51,100.43,100.23,100.55,100.79,100.97,100.94,99.56,99.54,102.81
간장,108.55,108.41,108.84,109.26,109.23,109.45,109.53,109.52,108.24,109.52,109.74,109.92,110.79
된장,100.29,100.98,101.43,99.21,100.17,100.44,99.15,98.23,99.41,99.99,99.72,99.82,93.97
양념소스,96.36,95.56,97.3,97.53,98.26,99.18,99.89,100.33,87.38,95.52,96.72,97.46,100.95
고추장,102.01,102.2,102.3,106.5,109.2,109.81,110.42,109.62,107.06,107.66,108.39,106.02,104.92
카레,105.94,105.96,105.16,106.38,107.3,107.42,106.25,106.23,106.64,103.23,106.79,106.38,105.48
식초,110.83,111.63,112.53,114.87,115.94,116.6,117.19,116.66,115.7,117.26,116.79,115.54,118.21
드레싱,104.5,105.2,105.22,104.91,104.93,105.38,104.67,105.06,103.03,104.99,105.33,105.19,106.29
혼합조미료,110.94,110.72,115.31,118.16,118.33,118.54,118.75,119.22,119.64,120.01,120.24,120.22,121.47
스프,122.27,122.84,122.43,123.22,123.82,123.79,124.33,124.71,124.81,125.23,125.1,125.46,122.16
이유식,101.04,101.04,101.04,81.56,94.1,101.04,101.04,101.04,101.04,101.04,101.04,101.04,101.04
김치,107.89,107.47,107.74,109.34,108.52,108.65,108.37,108.42,109.7,112.69,111.52,112.91,119.36
밑반찬,111.22,111.46,111.45,111.41,111.69,111.9,111.8,112.03,112.41,113.12,112.89,112.73,114.22
냉동식품,98.69,99.54,99.67,99.51,100.45,100.78,100.13,100.71,100.24,100.58,100.67,100.1,99.77
즉석식품,106.58,106.6,108.82,109.25,109.37,109.32,109.29,109.95,109.76,109.7,109.88,109.83,111.4
삼각김밥,106.67,106.78,107.33,107.71,109.31,110.08,110.66,110.76,111.16,111.46,111.92,112.1,113.57
01.2 비주류 음료,102.3,102,101.4,100.76,101.57,101.69,101.95,102.15,101.49,102.57,100.7,100.71,102.3
커피 · 차 및 코코아,98.42,96.78,96.35,94.2,95.49,95.65,97.95,97.7,96.65,97.06,97.1,94.2,95.89
커피,97.53,95.67,97.11,94.99,95.01,96.07,97.58,97.15,95.5,96.58,97.23,94.95,94.87
차,101.37,100.49,93.45,91.22,97.01,93.96,99.09,99.47,100.54,98.56,96.48,91.38,99.3
생수 · 청량음료 · 과일주스 및 채소주스,104.42,104.88,104.18,104.4,104.94,105.04,104.14,104.59,104.15,105.62,102.66,104.31,105.84
주스,94.64,97.26,97.78,97.23,94.84,95.83,95.55,99.38,98.85,98.79,95.76,95.42,95.97
두유,112.07,111.25,114.28,110.52,114.39,114.01,114.37,110.07,108.45,114.07,110.85,114.37,114.83
생수,110.27,110.28,109.87,109.7,109.92,109.62,109.7,109.72,109.64,109.64,105.62,110.37,109.67
기능성음료,102.84,102.84,102.84,103.05,103.08,103.08,103.43,103.43,103.49,103.47,103.47,103.56,104.01
탄산음료,107.59,106.82,102.82,105.83,108.29,107.64,104.9,104.04,103.94,106.76,103.64,104.94,109.87
혼합음료,109.34,109.48,110.65,109.43,109.97,111.73,110.41,111.71,110.97,110.13,109.76,112.07,110.54
02 주류 및 담배,102.57,102.6,102.26,102.66,103.12,103.31,103.33,103.38,103.6,103.67,103.4,103.45,103.44
02.1 주류,108.22,108.32,107.28,108.5,109.9,110.45,110.51,110.66,111.35,111.52,110.71,110.87,110.82
주류,108.22,108.32,107.28,108.5,109.9,110.45,110.51,110.66,111.35,111.52,110.71,110.87,110.82
소주,113.35,113.24,113.21,113.52,119.12,119.46,119.31,119.53,119.56,119.75,119.79,119.81,120.48
과실주,101.13,104.6,90.49,89.69,92.17,95,95.01,101.78,105.51,105.46,96.45,100.36,96.37
맥주,107.55,107.39,107,109.14,108.76,109.3,109.33,108.65,109.54,109.82,109.19,108.97,109.02
막걸리,106.35,106.41,106.47,107.21,107.16,107.11,107.2,107.03,106.84,106.47,106.6,106.75,106.97
양주,101.69,101.74,102.24,102.27,102.28,102.28,102.29,102.29,101.83,101.79,102.56,102.86,102.5
약주,100.39,100.39,100.39,100.44,100.38,100.45,104.83,106.97,108.01,108.77,108.9,108.93,109.57
02.2 담배,100,100,100,100,100,100,100,100,100,100,100,100,100
담배,100,100,100,100,100,100,100,100,100,100,100,100,100
담배,100,100,100,100,100,100,100,100,100,100,100,100,100
03 의류 및 신발,103.76,104.41,104.1,103.82,103.92,103.97,103.98,103.98,104.02,104.2,104.8,104.8,104.79
03.1 의류,104.02,104.03,103.67,103.34,103.47,103.41,103.42,103.42,103.42,103.63,104.32,104.32,104.34
남자의류,102.96,102.93,101.95,101.01,101.24,101.04,100.99,100.99,100.99,100.94,100.88,100.88,100.76
남자외의,103.39,103.39,103.39,103.39,103.8,103.8,103.8,103.8,103.8,103.8,103.49,103.49,104.15
남자상의,102.52,102.52,102.52,102.52,102.45,102.45,102.45,102.45,102.45,102.45,102.45,102.45,102.63
남자학생복,101.95,100.71,79.31,59.78,59.53,55.56,55.57,55.57,55.57,55.57,55.57,55.57,43.23
남자하의,103.03,103.03,103.03,103.03,103.14,103.14,103.14,103.14,103.14,103.14,103.35,103.35,103.35
남자내의,100.99,101.34,101.55,101.23,101.09,101,100.35,100.39,100.35,99.72,100.82,100.84,101.34
여자의류,104.64,104.61,104.1,103.65,104.11,104.02,104.02,104.03,104.02,104.64,105.94,105.95,105.63
여자외의,106.84,106.84,106.84,106.84,106.84,106.84,106.84,106.84,106.84,108.28,109.9,109.9,109.9
원피스,105.41,105.41,105.41,105.41,105.41,105.41,105.41,105.41,105.41,105.41,105.41,105.41,105.41
여자상의,100.08,100.08,100.08,100.08,100.08,100.08,100.08,100.08,100.08,100.08,100.08,100.08,100.08
여자학생복,101.06,100.33,79.74,61.6,61.59,57.97,57.96,57.96,57.96,57.96,57.96,57.96,44.54
여자하의,102.61,102.61,102.61,102.61,105.01,105.01,105.01,105.01,105.01,105.01,108.24,108.24,108.24
여자내의,105.29,105.18,105.18,105.18,105.22,105.28,105.28,105.34,105.3,105.4,105.65,105.69,105.76
캐쥬얼의류,103.4,103.4,103.4,103.4,103.75,103.75,103.82,103.82,103.82,103.82,105.06,105.06,105.6
점퍼,104.9,104.9,104.9,104.9,104.9,104.9,104.9,104.9,104.9,104.9,106.02,106.02,106.02
티셔츠,102.2,102.2,102.2,102.2,102.2,102.2,102.2,102.2,102.2,102.2,104.26,104.26,106.78
스웨터,104.91,104.91,104.91,104.91,104.91,104.91,104.91,104.91,104.91,104.91,110.19,110.19,110.19
청바지,100,100,100,100,103.91,103.91,103.91,103.91,103.91,103.91,104.46,104.46,104.46
운동복,103.13,103.13,103.13,103.13,103.13,103.13,103.64,103.64,103.64,103.64,103.64,103.64,103.64
등산복,103.1,103.1,103.1,103.1,101.66,101.66,101.66,101.66,101.66,101.66,101.66,101.66,101.66
아동복 · 유아복,105.74,105.74,105.74,105.74,103.92,103.92,103.92,103.92,103.92,103.92,102.87,102.87,102.49
아동복,106.48,106.48,106.48,106.48,104.36,104.36,104.36,104.36,104.36,104.36,104.36,104.36,104.36
유아복,103.32,103.32,103.32,103.32,102.6,102.6,102.6,102.6,102.6,102.6,97.71,97.71,95.97
기타의류 및 의류 장신구,102.01,102.15,102.08,102.02,102.02,102.04,101.96,102.01,102.08,102.42,102.4,102.39,101.43
양말,99.08,99.31,99.18,99.08,99.08,99.08,98.94,99.02,99.11,99.11,99.07,99.06,99.76
모자,107.95,107.95,107.95,107.95,107.95,107.95,107.95,107.95,107.95,109.77,109.77,109.77,104.12
넥타이,100.44,100.44,100.44,100.44,100.44,100.44,100.44,100.44,100.44,100.44,100.44,100.44,100.44
장갑,103.98,103.97,104.03,104.07,104.09,104.33,104.32,104.33,104.4,103.39,103.43,103.31,103.73
의류 세탁 · 수선 및 임차,106.07,106.68,106.92,107.11,107.1,107.07,107.1,107.1,107.19,107.53,107.64,107.64,109.21
의복수선료,106.62,107.78,108.23,108.39,108.39,108.23,108.23,108.34,108.64,108.92,108.94,108.94,110.03
세탁료,105.32,105.8,106.04,106.11,106.11,106.11,106.11,106.06,106.12,106.5,106.57,106.57,108.46
의복대여료,108.93,109.45,109.59,110.26,110.15,110.15,110.34,110.43,110.43,110.67,111.09,111.09,111.79
03.2 신발,102.08,106.78,106.78,106.78,106.78,107.58,107.57,107.57,107.86,107.86,107.85,107.86,107.71
신발,102.08,106.78,106.78,106.78,106.78,107.58,107.57,107.57,107.86,107.86,107.85,107.86,107.71
아동화,100.15,100.15,100.15,100.15,100.15,106.44,106.44,106.44,106.44,106.44,106.44,106.44,106.44
구두,101.8,113.89,113.89,113.89,113.89,113.89,113.89,113.89,114.62,114.62,114.62,114.62,114.25
운동화,103.25,103.25,103.25,103.25,103.25,103.25,103.25,103.25,103.25,103.25,103.25,103.25,103.25
실내화,101.39,101.32,101.43,101.41,101.24,101.29,100.92,100.94,101.14,101.14,100.82,101.19,101.28
04 주택 ·수도 · 전기 및 연료,101.96,103.15,103.01,102.76,102.84,102.9,101.47,101.55,103.18,103.34,103.33,103.5,103.67
04.1 주택임차료,104.19,104.18,104.14,104.1,104.07,104,103.98,103.95,103.95,103.96,103.97,103.99,104.17
주택임차료,104.19,104.18,104.14,104.1,104.07,104,103.98,103.95,103.95,103.96,103.97,103.99,104.17
전세,107.96,107.98,107.98,107.95,107.92,107.84,107.81,107.78,107.78,107.78,107.79,107.8,108.09
월세,100.02,99.98,99.9,99.84,99.8,99.76,99.75,99.72,99.72,99.74,99.74,99.77,99.86
04.3 주거시설 유지 · 보수,113.48,113.7,114.15,114.69,115.18,115.5,115.73,115.89,115.9,116.29,116.44,116.65,117.69
주거시설 유지 · 보수,113.48,113.7,114.15,114.69,115.18,115.5,115.73,115.89,115.9,116.29,116.44,116.65,117.69
주택수선재료,104.65,104.94,105.25,105.22,105.49,105.53,105.68,105.85,105.92,105.98,106.09,106.14,106.4
설비수리비,118.27,118.43,118.98,119.91,120.54,121.06,121.33,121.49,121.45,122.07,122.26,122.57,124.14
04.4 수도 및 주거관련 서비스,113.3,120.97,120.06,118.31,118.62,119.06,118.77,119.19,118.92,119.73,119.57,120.5,121.88
상하수도료,118.56,118.42,118.57,118.49,118.49,118.49,118.5,118.5,118.75,118.95,118.95,118.99,117.44
상수도료,105.53,105.34,105.41,105.41,105.41,105.41,105.44,105.44,105.47,105.59,105.59,105.5,103.36
하수도료,147.22,147.22,147.54,147.28,147.28,147.28,147.28,147.28,148,148.35,148.35,148.68,148.45
기타 주거관련 서비스,111.25,121.78,120.49,118.12,118.54,119.14,118.74,119.32,118.84,119.9,119.66,120.92,123.37
공동주택관리비,111.31,122.57,121.18,118.65,119.08,119.73,119.29,119.91,119.4,120.52,120.27,121.62,124.13
쓰레기봉투료,111.66,111.66,111.8,111.8,111.8,111.8,111.99,111.99,111.99,111.99,111.99,111.99,112.44
정화조청소료,106.91,106.91,106.91,106.91,107.2,107.2,107.35,107.4,107.4,107.4,107.4,107.4,110.16
04.5 전기 · 가스 및 기타연료,87.4,87.38,87.39,87.45,87.57,87.6,82.03,82.14,88.86,88.88,88.93,88.94,88.16
전기,89.83,89.83,89.83,89.83,89.83,89.83,75.29,75.29,89.83,89.83,89.83,89.83,89.83
전기료,89.83,89.83,89.83,89.83,89.83,89.83,75.29,75.29,89.83,89.83,89.83,89.83,89.83
가스,84.32,84.32,84.32,84.32,84.49,84.51,87.17,87.16,87.11,87.12,87.25,87.27,87
도시가스,83.24,83.24,83.24,83.24,83.24,83.24,86.25,86.27,86.25,86.25,86.26,86.26,86.26
취사용LPG,104.4,104.49,104.31,104.44,107.76,108.14,103.92,103.39,102.59,102.83,105.34,105.96,100.43
기타연료 및 에너지,90.36,90.1,90.18,90.87,91.4,91.6,91.36,92.53,92.7,92.97,92.82,92.76,85.76
등유,99.04,98.46,99.04,100.18,101.65,101.87,101.32,101.18,101.22,101.78,101.57,101.43,85.37
연탄,148.3,148.53,148.64,148.61,148.33,148.33,148.33,148.33,148.33,148.33,148.32,148.34,148.32
지역난방비,79.21,79.21,79.21,79.21,79.21,79.21,79.21,81.84,81.84,81.84,81.84,81.84,81.84
부탄가스,98.03,97.58,90.95,97.93,94.24,98.02,97.82,92.84,98.84,99.46,97.46,97.55,99.44
05 가정용품 및 가사 서비스,106.17,107.66,107.58,108.06,106.95,106.67,107.65,107.28,106.53,107.8,106.96,107.47,106.98
05.1 가구 · 가사비품 및 카페트,121.25,122.97,122.98,122.78,118.14,117.98,123.11,122.79,122.54,122.34,122.6,122.51,122.18
가구 · 가사비품 및 카페트,121.25,122.97,122.98,122.78,118.14,117.98,123.11,122.79,122.54,122.34,122.6,122.51,122.18
장롱,121.55,124.9,124.9,124.9,114.4,119.46,123.36,123.36,123.36,123.36,123.36,123.36,123.36
침대,127.22,127.22,127.22,127.22,127.22,127.22,127.22,127.22,127.22,127.22,127.22,127.22,127.22
거실장,111.62,111.62,111.62,114.34,114.34,114.34,115.18,115.18,115.18,115.18,115.18,115.18,116.64
소파,128.65,128.65,128.65,128.65,114.79,111.52,128.65,128.65,128.65,128.65,128.65,128.65,124.98
책상,119.71,119.71,119.71,119.71,119.71,119.71,120.07,120.07,120.07,120.07,120.07,120.07,123.83
의자,93.3,93.21,93.4,93.19,92.76,93.03,91.94,92.41,94.83,94.71,94.77,95.06,94.7
식탁,118.56,122.35,122.35,122.35,116.39,110.41,122.35,122.35,122.35,122.35,122.35,122.35,122.35
싱크대,109.69,118.54,118.54,114.82,118.84,119.48,120.69,117.26,113.89,111.9,114.65,113.45,114.92
05.2 가정용 섬유제품,103.59,103.24,104.38,104.48,104.51,104.55,104.5,104.37,104.54,104.37,106.08,106.3,108.8
가정용 섬유제품,103.59,103.24,104.38,104.48,104.51,104.55,104.5,104.37,104.54,104.37,106.08,106.3,108.8
침구,104.62,104.62,105.61,105.61,105.61,105.61,105.61,105.61,105.61,105.61,107.57,107.57,110.59
커튼,96.35,93.63,95.77,96.54,96.77,97.11,96.72,95.71,96.98,95.73,95.78,97.48,96.55
05.3 가정용 기기,101.72,102.95,102.89,103.9,102.97,102.65,102.62,101.76,101.41,102.83,102.22,101.84,100.75
가정용 기구,97.91,99.41,99.34,100.58,99.45,99.04,99.01,97.95,97.53,98.29,97.54,97.07,96.8
전기밥솥,102.95,102.17,95.89,93.43,95.62,92.12,93.08,91.01,86.65,87.66,93.15,92.06,89.63
가스레인지,90.73,96.3,96.19,96,96.73,89.37,91.6,90.98,90.91,89.32,90.14,79.79,82.21
전자레인지,103.63,103.84,104.42,106.22,106.16,106.25,105.58,105.53,105.64,105.51,105.6,105.08,104.7
전기레인지,75.79,75.79,75.79,75.79,75.79,75.79,75.79,75.79,75.79,75.79,75.79,75.79,113.74
냉장고,92.33,93.91,94.58,93.85,92.73,92.66,91.37,91.73,91.69,92.71,93.19,93.39,93.1
김치냉장고,92.09,93.5,93.5,93.5,93.5,93.5,93.5,93.5,92.64,93.21,89.75,89.15,89.21
에어컨,109.96,109.96,109.96,114.99,114.33,113.93,114.32,111.49,111.61,111.61,111.61,111.61,109.6
선풍기,87.32,87.32,87.32,92.14,91.37,91.02,90.54,82.45,91.14,91.14,91.14,91.14,93.87
공기청정기,104.52,104.42,105.01,103.52,103.46,103.52,103.52,101.07,100.48,101.91,99.81,93.29,106.65
세탁기,108.73,107.68,107.04,109.43,106.77,106.95,107.07,106.77,106.45,107.6,107.25,107.04,107.45
청소기,104.22,104.22,105.97,105.53,105.41,105.12,104.97,104.3,104.53,105.28,105.34,105.38,113.75
믹서,78.28,101.87,89.14,97.54,83.84,84.35,88.06,84.76,76.07,80.74,69.03,73.81,67.1
보온매트,109.3,109.3,109.3,109.3,109.3,109.3,109.3,109.3,109.3,109.3,106.75,106.75,106.75
비데,89.54,89.54,102.3,102.54,102.54,102.54,102.54,102.54,102.54,102.54,102.54,102.54,78.09
가정용 기구 수리서비스,112.74,112.74,112.74,112.74,112.74,112.74,112.74,112.74,112.74,116.9,116.9,116.9,112.4
가전제품수리비,123.43,123.43,123.43,123.43,123.43,123.43,123.43,123.43,123.43,132.79,132.79,132.79,133.58
가전제품렌탈비,103.51,103.51,103.51,103.51,103.51,103.51,103.51,103.51,103.51,103.51,103.51,103.51,94.85
05.4 주방용품 및 가정용품,99.29,103.54,100.68,102.86,103.98,103.24,102.15,104.99,97.05,105.69,98.96,105.86,99.98
주방용품 및 가정용품,99.29,103.54,100.68,102.86,103.98,103.24,102.15,104.99,97.05,105.69,98.96,105.86,99.98
식기,100.1,112.16,110.87,112.22,112.05,111.82,110.11,113.92,115.02,117.48,116.44,117.51,117.86
컵,94.14,90.51,94.61,95.21,94.28,89.56,92.76,89.12,89.8,88.68,87.19,90.69,92.44
솥,102.08,102.19,102.17,86.31,92.57,102.48,102.34,97.74,102.85,105.88,101.15,105.63,105.7
프라이팬,91.81,94.62,94.92,93.93,99.64,97.36,98.86,101.87,81.81,99.33,84.16,99.71,99.11
냄비,96.44,102.34,96.12,100.09,101.11,102.36,97.85,102.46,90.56,101.03,88.98,102.34,102.4
수저,101.98,102.06,102.28,102.58,102.72,102.71,103.23,103.4,103.4,103.5,103.5,103.03,104.38
밀폐용기,104.85,104.85,93.49,105.04,105.18,100.98,97.91,104.65,81.21,104.16,92.33,103.26,70.83
부엌용용구,100.5,104.86,105.67,105.86,105.88,106.33,107.16,108.68,109.61,109.57,107.31,109.28,106.94
05.5 가정 · 정원용 공구 및 장비,101.51,101.5,101.63,101.63,101.61,101.63,99.96,100.01,100.2,100.16,100.79,100.84,100.45
가정 · 정원용 공구 및 장비,101.51,101.5,101.63,101.63,101.61,101.63,99.96,100.01,100.2,100.16,100.79,100.84,100.45
보일러,100.9,101.02,101.04,101.04,101.04,100.86,100.86,100.86,100.86,100.75,101.85,101.91,101.86
건전지,109.19,108.12,109.64,109.73,109.43,110.98,109.93,110.52,113.09,113.32,113.67,113.93,114.74
디지털도어록,100.03,100.03,100.03,100.03,100.03,100.03,95.8,95.8,95.8,95.8,95.8,95.8,94.68
05.6 일상 생활용품 및 가사 서비스,105.47,107.05,107.52,107.23,107.15,106.91,108,106.85,107.49,107.45,106.56,106.66,108.25
비내구성 가정용품,94.01,96.44,96.84,95.97,95.7,95.01,96.78,94.72,95.76,95.25,93.71,93.76,95.66
세탁세제,84.51,90.83,90.34,87.53,86.3,85.3,89.19,88.25,88.45,87.29,82.63,85.08,87.74
섬유유연제,92.24,91.78,90.34,87.07,89.26,80.81,88.29,84.13,84.16,82.99,80.23,87.46,77.34
전구,93.77,94.04,92.16,94.05,93.93,90.98,91.77,91.62,91.8,92.43,89.8,92.39,91.78
부엌용세제,97.59,96.24,97.33,97.77,96.23,96.63,96.63,96.91,96.41,96.88,97.21,96.35,96.78
청소용세제,102.62,104.54,106.41,107.6,109.2,110.54,110.82,110.86,111.13,110.89,111.13,111.18,111.7
살충제,102.59,102.6,102.9,102.97,100.97,98.66,98.14,98.95,100.65,100.92,100.86,101.21,109.93
가정용비닐용품,107.39,109.03,113.67,117.54,118.27,118.84,119.59,119.55,120.25,120.31,117.15,120.39,120.48
키친타월,98.76,99.05,101.28,100.46,101.21,102.26,102.71,95.72,99.62,100.31,102.29,94.84,100.74
방향제,106.81,106.54,102.95,106.31,107.18,108.03,106.23,106.57,106.84,102.89,108.8,107.13,105.01
습기제거제,109.53,109.85,109.93,105.22,104.83,110.37,96.16,94.55,96.37,95.31,95.75,95.87,100.56
가구내 고용 및 가사 서비스,117.89,118.37,118.91,119.39,119.54,119.86,120.06,120.09,120.22,120.75,120.71,120.89,122.03
가사도우미료,118.66,119.07,119.76,120.38,120.51,120.99,121.25,121.04,121.04,121.79,121.73,121.98,122.87
간병도우미료,116.21,116.84,117.06,117.22,117.4,117.4,117.47,118,118.41,118.45,118.46,118.46,120.22
06 보건,102.04,102.14,102.11,102.19,102.2,102.51,102.31,102.32,102.41,102.46,102.43,102.53,103.97
06.1 의료용품 및 장비,98.16,98.55,98.56,99.05,99.09,99.89,99.47,99.49,99.87,99.98,100.01,100.27,100.9
의약품,98.65,98.94,99.19,99.71,99.8,100.85,100.24,100.29,100.57,100.69,100.56,100.81,101.44
감기약,109.26,109.56,109.99,110.18,110.53,110.87,111.16,111.2,111.23,111.25,111.29,111.38,111.48
진통제,111,111.12,111.13,111.39,111.85,112.27,114.02,115.38,116.91,117.47,117.97,118.41,124.03
소화제,101.98,102.23,102.75,105.8,109.38,112.29,114.44,115.41,116.49,116.92,117.79,117.84,119.14
정장제,103.12,103.34,103.61,103.61,103.69,103.72,104.17,104.26,104.39,104.56,104.83,120.69,120.82
위장약,107.45,107.56,107.57,107.89,108.31,108.27,108.51,108.83,109.19,109.8,110.3,111.04,113.13
진해거담제,121.32,122.21,123.6,124.69,126.38,126.58,127.63,127.91,128.5,129.01,129.06,129.07,131.39
소염진통제,108.14,108.14,108.61,108.84,109.18,109.4,109.67,109.79,109.82,109.99,110.01,110.04,110.95
피부질환제,103.32,104.99,107,109,109.87,110.47,110.77,110.79,111.14,111.53,111.53,111.82,112.53
치과구강용약,99.44,99.35,99.33,99.25,101.05,105.62,109.82,110.84,112.65,113.54,113.8,114.07,114.74
조제약,95.19,95.19,95.19,95.19,95.19,95.19,95.19,95.19,95.14,95.14,94.67,94.67,94.38
한방약,107.63,108.84,110.15,111.13,112.64,113.79,114.48,114.48,115.91,116.6,116.89,117.43,118.4
인삼,99.34,99.44,97.95,98.2,99.28,100.03,101.4,101.35,101.07,99.39,98.18,97.19,97.03
홍삼,100,100,100,100,100,100,100,100,100,100,100,100,100
비타민제,98.94,98.95,99.05,99.06,99.32,99.18,99.07,99.06,99.35,99.37,99.35,99.47,99.48
건강기능식품,93.43,93.86,93.86,95.47,93.91,98.02,93.18,93.18,93.18,93.18,93.18,93.18,95.52
병원약품,94,94,94,94,94,94,94,94,93.96,93.96,93.54,93.54,93.27
의료용품 및 치료기기,96.85,97.47,96.86,97.24,97.15,97.29,97.42,97.36,98.01,98.05,98.52,98.81,99.43
종이기저귀,92.54,93.52,93.47,94.36,93.64,95.69,94.33,94.57,95.91,96.17,97.42,100.22,102.1
생리대,94.6,98.47,97.97,97.57,98.28,96.03,98.47,96.11,98.9,97.97,99.79,97.42,98.89
안경,99.38,99.2,98.41,98.4,98.64,98.56,98.71,98.69,98.65,98.69,98.79,98.39,98.1
콘택트렌즈,96.33,96.3,93.81,93.69,93.42,92.93,93.95,94.91,95.08,95.63,95.29,95.08,95.12
의료측정기,98.75,99.21,98.67,98.98,98.32,98.12,98.08,98.07,98.67,98.4,99.58,99.5,104.37
보청기,101.36,101.36,101.36,101.36,101.36,101.36,101.36,101.36,101.36,101.36,101.36,101.36,101.36
건강기기렌탈비,100,100,100,100,100,100,100,100,100,100,100,100,100
치료재료,98.2,98.2,98.13,99.57,99.57,99.57,99.57,99.57,99.57,99.57,99.57,99.57,99.56
06.2 외래환자 서비스,105.92,105.93,105.85,105.6,105.6,105.57,105.56,105.57,105.57,105.59,105.58,105.58,107.9
의료서비스,109.91,109.91,109.92,109.58,109.58,109.58,109.56,109.56,109.56,109.56,109.56,109.56,112.23
외래진료비,109.91,109.91,109.91,109.91,109.91,109.91,109.91,109.91,109.91,109.91,109.91,109.91,112.55
건강검진비,103.21,103.2,103.34,103.43,103.43,103.33,103.33,103.33,103.33,103.3,103.3,103.3,104.2
한방진료비,111.58,111.58,111.58,105.88,105.88,105.88,105.54,105.54,105.54,105.54,105.54,105.54,108.66
약국조제료,113.19,113.19,113.19,113.19,113.19,113.19,113.19,113.19,113.19,113.19,113.19,113.19,117.18
기타 의료서비스,99.32,99.34,99.11,98.98,98.97,98.92,98.93,98.94,98.96,99,98.98,98.98,100.73
치과진료비,103.94,103.94,103.53,103.53,103.53,103.53,103.53,103.53,103.53,103.53,103.53,103.53,106.7
치과보철료,95.65,95.68,95.61,95.37,95.36,95.25,95.27,95.29,95.33,95.4,95.37,95.37,95.93
06.3 병원 서비스,100.48,100.13,100.12,100.12,100.09,100.09,99.82,99.82,99.39,99.39,99.15,99.15,100.02
병원 서비스,100.48,100.13,100.12,100.12,100.09,100.09,99.82,99.82,99.39,99.39,99.15,99.15,100.02
입원진료비,102.08,102.08,102.07,102.07,102.07,102.07,101.74,101.74,101.74,101.74,101.74,101.74,103.59
병원검사료,91.72,89.41,89.41,89.4,89.2,89.23,89.26,89.27,86.42,86.43,84.84,84.84,80.2
07 교통,98.91,98.71,99.3,100.78,103.06,103.31,102.58,102.59,102.99,103.6,103.12,103.58,97.54
07.1 운송장비,99.33,99.16,98.96,99.36,99.19,98.89,99.17,98.69,98.34,98.4,97.28,98.08,98.45
운송장비,99.33,99.16,98.96,99.36,99.19,98.89,99.17,98.69,98.34,98.4,97.28,98.08,98.45
소형승용차,102.21,102.07,102.01,102.21,101.92,102.06,102.06,101.47,101.17,101.78,100.13,101.02,98.75
중형승용차,96.17,95.23,93.66,97.45,97.38,97.66,98.52,97.3,96.99,96.46,96.09,96.56,96.43
대형승용차,102.41,102.41,102.08,102.08,102.08,102.08,102.75,102.43,102.43,99.67,98.87,102.74,100.92
경승용차,103.76,103.76,103.14,103.14,103.14,104.24,104.24,104.24,103.29,103.1,102.31,103.26,103.1
다목적승용차,97.67,97.63,97.8,97.41,97.44,97.43,97.32,96.88,96.22,95.98,95.06,95.83,95.14
수입승용차,98.71,98.58,98.62,99.04,98.47,96.91,97.32,96.88,96.74,99.64,97.73,96.16,100.69
자전거,101.95,101.23,100.48,100.23,99.98,99.97,99.79,99.74,99.47,99.42,99.32,99.39,104.24
07.2 개인운송장비 운영,95.67,95.08,96.16,98.71,103.15,103.75,101.74,101.73,103.21,103.9,103.65,104.11,91.39
개인운송장비 연료 및 윤활유,92.78,92.01,93.21,96.67,102.5,103.25,100.53,100.5,102.48,103.37,103,103.65,87.12
휘발유,89.81,89,90.23,93.95,100.03,100.93,98.67,98.84,101.11,102.16,101.57,102.33,86.96
경유,96.2,95.38,96.86,100.68,106.02,106.48,103.9,103.84,105.88,106.75,105.89,106.2,85.98
자동차용LPG,99.28,98.88,98.75,98.64,104.7,105.64,99.06,97.64,97.12,97.07,100.41,101.68,92.83
개인운송장비 소모품 및 유지 · 수리,103.29,103.21,104.2,103.63,103.71,103.86,103.93,103.93,104.01,104.05,104.23,104.22,104.6
자동차용품,92.49,90.57,96.1,92.16,92.2,93.56,93.2,93.16,92.57,92.39,93.14,90.98,90.6
자동차타이어,91.13,90.97,90.8,90.68,90.73,90.73,90.63,90.58,91.06,90.77,90.6,90.44,89.88
자동차수리비,104.49,104.71,104.95,104.88,104.93,104.87,104.97,104.95,105.03,105.13,105.23,105.57,106.05
엔진오일교체료,109.47,109.94,110.27,110.34,110.48,110.49,111.2,111.37,111.49,111.56,111.71,112.14,113.49
세차료,121.54,121.8,123.17,123.96,124.29,124.45,124.52,124.85,126.27,126.48,126.75,127.66,129.06
개인운송장비 관련 기타 서비스,107.99,108.16,108.3,108.31,108.44,108.48,108.94,109.09,108.81,108.86,108.91,108.56,105.79
자동차학원비,157.61,158.46,160.12,160.3,161.36,161.52,162.02,162.16,162.28,162.09,162.99,163.17,165.62
주차료,104.46,105.43,105.61,105.61,106.01,106.01,106.01,106.01,106.01,106.01,106.01,106.01,103.47
도로통행료,102.59,102.59,102.59,102.59,102.59,102.59,102.59,102.59,102.59,102.59,102.59,101.41,101.41
승용차임차료,99.26,99.26,99.26,99.26,99.26,99.26,100.81,101.31,99.73,99.73,99.73,99.73,90.21
대리운전이용료,110.44,110.16,110.18,110.18,110.18,110.57,110.73,110.83,112.1,112.6,112.6,113.37,112.81
자동차검사료,109.05,109.05,109.05,109.05,109.05,109.05,109.05,109.05,109.05,109.05,109.05,109.05,109.05
07.3 운송 서비스,105.25,105.85,106.33,106.96,107.74,107.93,108.62,109.25,108.29,109.42,109.25,109.3,109.32
철도 여객수송,104.64,104.64,104.64,104.64,104.64,104.64,104.64,104.64,104.64,104.64,104.64,104.64,104.64
열차료,97.15,97.15,97.15,97.15,97.15,97.15,97.15,97.15,97.15,97.15,97.15,97.15,97.15
도시철도료,107.93,107.93,107.93,107.93,107.93,107.93,107.93,107.93,107.93,107.93,107.93,107.93,107.93
도로 여객수송,104.7,106,107.95,108.33,109.55,109.6,109.66,109.68,109.96,112.48,112.48,112.48,112.95
시내버스료,105.85,105.85,105.85,105.85,105.85,105.85,105.85,105.85,106.3,110.33,110.33,110.33,111.08
시외버스료,99.84,99.84,113.23,113.23,113.23,113.23,113.23,113.23,113.23,113.23,113.23,113.23,113.23
고속버스료,100,100,107.96,107.96,107.96,107.96,107.96,107.96,107.96,107.96,107.96,107.96,107.96
택시료,102.84,108.18,109.91,111.41,116.39,116.61,116.88,116.95,116.95,116.95,116.95,116.95,116.96
항공 및 수상여객운송,106.38,104.95,100.56,103.7,104.56,105.9,110.85,115.46,107.07,105.21,103.64,103.84,101.4
국내항공료,102.96,110.98,102.48,102.21,105.22,106.26,112.49,124.3,112.54,111.27,106.84,105.75,101.41
국제항공료,107.15,104.29,100.21,104.06,104.64,106.07,111.13,115.01,106.65,104.56,103.28,103.57,100.99
여객선료,102,102.55,101.7,101.42,101.98,102.83,103.55,104.56,102.4,102.59,102.46,103.8,107.32
기타 여객운송,106.78,107.42,107.43,107.39,107.35,107.32,107.21,107.38,107.23,107.3,107.67,107.73,108.49
이삿짐운송료,111.52,112.46,111.72,111.64,111.59,111.51,111.38,111.15,110.98,111.1,111.71,111.8,112.97
택배이용료,99.84,100.05,101.17,101.17,101.17,101.2,101.14,101.89,101.79,101.79,101.79,101.79,101.94
08 통신,98.35,97.5,97.25,97.52,97.32,97.17,96.76,97.13,97.4,97.33,96.57,96.52,96.87
08.1 우편서비스,109.07,109.07,109.07,109.07,121.67,121.67,121.67,121.67,121.67,121.67,121.67,121.67,121.67
우편서비스,109.07,109.07,109.07,109.07,121.67,121.67,121.67,121.67,121.67,121.67,121.67,121.67,121.67
우편료,109.07,109.07,109.07,109.07,121.67,121.67,121.67,121.67,121.67,121.67,121.67,121.67,121.67
08.2 전화 및 팩스장비,102.59,99.98,99.98,102.57,102.57,102.57,100.7,103.23,105.09,105.09,101.36,101.36,105.09
전화 및 팩스장비,102.59,99.98,99.98,102.57,102.57,102.57,100.7,103.23,105.09,105.09,101.36,101.36,105.09
휴대전화기,102.59,99.98,99.98,102.57,102.57,102.57,100.7,103.23,105.09,105.09,101.36,101.36,105.09
08.3 전화 및 팩스 서비스,97.44,97,96.69,96.45,96.17,95.98,95.89,95.78,95.7,95.62,95.51,95.46,95.05
전화 및 팩스 서비스,97.44,97,96.69,96.45,96.17,95.98,95.89,95.78,95.7,95.62,95.51,95.46,95.05
유선전화료,100.14,100.14,100.14,100.14,100.14,100.14,100.14,100.14,100.14,100.14,100.14,100.14,100.24
휴대전화료,96.79,96.26,95.87,95.58,95.25,95.02,94.88,94.75,94.62,94.53,94.4,94.33,93.82
인터넷이용료,100,100,100.08,100.08,100.08,100.08,100.08,100.08,100.08,100.08,100.08,100.08,100.08
휴대전화기수리비,111.62,111.62,111.62,111.62,111.62,111.62,114.7,114.7,117.32,117.32,117.32,117.32,118.78
09 오락 및 문화,101.58,102.44,101.7,102.74,102.32,101.29,102.81,103.65,102.54,102.9,101.2,100.52,100.37
09.1 음향 · 영상 · 사진 및 정보처리 장비,90.15,89.84,89.1,90.02,90.75,90.53,89.88,88.36,87.38,88.54,88.7,88.99,87.81
영상 · 음향기기,78.39,77.59,77.51,77.58,79.15,78.88,78.47,73.38,73.88,74.05,74.27,74.46,74.86
TV,71.14,70.48,70.43,70.58,72.5,72.32,71.72,65.64,66.1,65.95,65.97,66.13,66.57
영상음향기기,94.4,94.43,94.31,93.96,93.89,93.89,93.83,93.73,94.08,93.78,93.57,93.9,92.76
사진기,95.03,92.45,92.09,91.86,91.56,90.32,91.24,91.58,92.52,95.89,98.38,98.64,100.3
정보처리기기 · 소모품,100.35,100.48,99.17,100.83,100.83,100.65,99.79,101.4,99.1,101.15,101.23,101.61,99.06
컴퓨터,98.99,99.22,97.32,99.69,99.53,99.68,97.14,99.56,96,99.06,99.17,99.72,96.09
컴퓨터수리비,104.93,104.93,104.93,104.93,104.93,104.93,104.93,104.93,104.93,104.93,104.93,104.93,104.93
휴대용멀티미디어기기,116.54,116.54,116.54,116.54,116.54,116.54,116.54,116.54,116.54,116.54,116.54,116.54,111.03
프린터,114.56,114.93,114.93,118.34,118.34,118.27,120.04,120.04,120.04,120.04,120.04,120.04,116.86
컴퓨터소모품,104.68,103.99,103.98,104,104,104.1,111.48,111.18,112,112,112.21,112.28,112.21
저장장치,77.06,77.82,77.44,76.6,78.83,72.83,73.18,73.3,73.64,73.24,73.13,72.96,81.68
09.2 기타 오락 및 문화용 주요 내구재,107.05,106.12,106.03,105.43,105.66,105.02,101.68,101.49,98.73,101.21,100.57,100.17,99.55
기타 오락 및 문화용 주요 내구재,107.05,106.12,106.03,105.43,105.66,105.02,101.68,101.49,98.73,101.21,100.57,100.17,99.55
피아노,105.43,105.53,104.28,104.33,104.49,104.19,104.42,104.32,104.46,104.66,104.68,102.13,104.98
현악기,107.61,108.73,108.75,108.78,109.76,109.77,109.53,108.96,109.04,109.54,109.54,109.76,109.3
헬스기구,107.72,104.75,105.35,103.9,103.66,102.38,94.59,94.59,88.01,93.33,91.83,92.43,89.4
09.3 기타 오락용품 · 조경용품 및 애완동물,103.59,105.22,104.82,103.4,102.99,100.71,100.57,100.67,101.95,102.32,102.37,103.26,104.38
기타 오락용품 · 조경용품 및 애완동물,103.59,105.22,104.82,103.4,102.99,100.71,100.57,100.67,101.95,102.32,102.37,103.26,104.38
장난감,106.13,106.21,106.15,106.03,106.11,106.13,105.75,105.26,105.05,105.34,106.2,106.21,106.67
레저용품,98.61,104.93,104.92,104.83,104.98,86.22,94.6,94.78,105.15,105.18,105.26,101.14,106.57
운동용품,97.61,97.02,95.92,94.67,96.15,94.97,93.76,93.67,91.27,86.02,86.58,85.68,102.25
생화,144.04,143.04,130.78,118.3,131.48,120.67,107.17,107.17,120.31,119.87,128.46,139.72,111.45
원예용품,98.98,99.11,99.11,99.04,98.93,98.93,98.93,98.93,99.07,99.46,99.46,99.46,100.02
애완동물용품,96.45,100.88,102.21,101.62,98.66,101.11,101.01,101.24,98.6,100.65,97.27,101.86,102.31
애완동물관리비,105.86,106.04,106.11,102.41,98.21,97.94,96.47,97.95,101.78,106.01,106.41,106.41,99.57
09.4 오락 및 문화 서비스,105.37,105.77,105.97,106.24,106.22,106.25,106.35,106.37,106.38,106.45,106.48,106.65,106.88
오락 및 스포츠 서비스,105.33,105.53,105.88,106.32,106.27,106.25,106.44,106.45,106.55,106.62,106.62,107.08,107.16
수영장이용료,107.02,107.58,107.92,107.92,107.95,107.95,108.57,108.57,108.89,108.89,108.89,108.89,109.16
스키장이용료,112.28,112.28,112.28,112.28,112.28,112.28,112.28,112.28,112.28,112.28,112.28,113.52,114.15
볼링장이용료,110.97,110.97,110.95,111.03,111.25,111.33,111.33,111.19,111.22,111.17,111.24,111.29,111.19
헬스클럽이용료,102.65,103.18,102.9,102.97,103.19,102.99,103.4,103.69,103.89,104.12,104,103.97,104.53
골프연습장이용료,96.8,96.85,97.07,97.15,96.93,96.96,96.74,96.63,96.77,96.83,96.69,96.86,97.05
골프장이용료,105.38,105.38,106.43,108.04,108.04,108.18,108.93,108.93,109.23,109.23,109.23,110.85,110.76
당구장이용료,105.07,105.16,105.18,105.18,105.32,105.3,105.03,105.01,104.71,104.6,104.79,104.64,105.21
노래방이용료,104.4,104.94,104.94,105.07,104.88,104.79,104.87,104.87,104.87,104.97,104.97,105.33,105.6
PC방이용료,105.76,106.75,107.33,107.57,106.68,105.72,106.05,105.55,105.26,105.39,105.5,105.59,104.03
놀이시설이용료,111.74,111.96,112.46,112.71,112.61,112.69,112.69,112.81,112.8,112.84,112.95,113.14,112.65
레포츠이용료,106.15,106.15,106.15,106.48,106.48,106.48,106.48,106.48,106.76,106.76,106.76,106.76,107.02
운동경기관람료,109.27,109.27,109.76,109.84,109.84,109.84,109.84,109.84,109.84,110.56,110.56,110.56,112.33
문화 서비스,105.39,105.89,106.02,106.18,106.18,106.24,106.29,106.32,106.28,106.33,106.38,106.4,106.71
영화관람료,113.99,113.99,113.99,113.99,113.99,113.99,113.99,113.99,113.99,113.99,114.12,114.12,114.12
공연예술관람료,104.66,104.66,104.66,104.66,104.66,104.66,104.66,104.66,104.66,104.66,104.66,104.66,104.66
전시관입장료,113.42,113.42,113.42,113.42,113.42,113.42,113.42,113.42,112.28,112.28,112.28,112.28,114.25
독서실비,102.65,102.68,102.81,102.81,102.78,102.71,103.43,103.43,103.14,103.56,103.89,103.86,103.47
문화강습료,105.84,106.05,106.96,107.17,107.12,107.46,107.61,107.7,107.91,108.01,108.01,108.09,108.74
온라인콘텐츠이용료,104.56,105.99,105.99,105.99,105.99,105.99,105.99,105.99,105.99,105.99,105.99,105.99,105.99
방송수신료,99.36,99.36,99.45,99.45,99.45,99.45,99.45,99.45,99.45,99.45,99.45,99.45,99.64
사진서비스료,107.97,108.22,108.4,109.6,109.68,109.92,110.04,110.17,110.13,110.39,110.56,110.67,112.02
09.5 신문 · 서적 및 문방구,104.3,104.68,104.34,104.59,104.63,104.91,105.06,104.94,105,104.74,105.09,105.08,103.87
서적,104.01,104.35,104.02,104.02,104.02,104.21,104.37,104.21,104.21,104.21,104.21,104.33,102.84
유아용학습교재,103.12,103.12,103.15,103.15,103.15,103.15,103.15,103.15,103.15,103.15,103.15,103.15,105.21
초등학교학습서,112.45,112.45,112.45,112.45,112.45,112.45,113.85,113.85,113.85,113.85,113.85,114.96,114.96
중학교학습서,103.58,106.47,106.47,106.47,106.47,106.47,106.47,106.47,106.47,106.47,106.47,106.47,106.47
고등학교학습서,107.16,107.16,107.16,107.16,107.16,108.78,108.78,108.78,108.78,108.78,108.78,108.78,109.63
교과서,83.12,83.12,74.76,74.76,74.76,74.76,74.76,74.76,74.76,74.76,74.76,74.76,24.34
대학교재,104.33,104.33,104.33,104.33,104.33,104.33,104.33,104.33,104.33,104.33,104.33,104.33,105.79
서적,103.1,103.1,103.1,103.1,103.1,103.1,103.1,102.71,102.71,102.71,102.71,102.71,102.71
신문 및 정기 간행물,111.11,111.11,111.11,111.11,111.11,111.11,111.11,111.11,111.11,111.11,111.11,111.11,111.11
신문,111.11,111.11,111.11,111.11,111.11,111.11,111.11,111.11,111.11,111.11,111.11,111.11,111.11
문방구,102.47,103.2,102.66,103.97,104.15,105.02,105.12,105.13,105.44,104.04,105.95,105.41,104.77
공책,102.2,103.02,103.02,103.99,104.22,104.61,104.67,104.8,104.79,105.13,105.13,105.13,105.84
스케치북,96.73,97.43,98.77,98.94,99.15,99.36,99.34,99.05,99.13,98.95,98.93,99.26,101
복사용지,103.31,103.02,103.61,103.61,103.56,103.58,103.7,103.7,103.52,103.68,103.84,103.82,106.31
기타문구,106.91,108.97,107.34,109.39,109.47,109.91,109.98,110.16,110,108.03,110.37,107.13,108.56
필기구,103.02,103.52,101.66,103.48,103.46,105.01,105.01,105.01,104.73,99.81,104.88,104.64,99.36
회화용구,100.84,101.35,101.85,103.11,103.65,104.72,105.04,104.98,106.8,108.26,108.32,108.28,109.56
09.6 단체여행,98.25,100.06,97.71,101.46,99.87,97.19,103.06,106.71,102.43,103.07,96.56,93.28,92.83
단체여행,98.25,100.06,97.71,101.46,99.87,97.19,103.06,106.71,102.43,103.07,96.56,93.28,92.83
국내단체여행비,95.44,101.18,96.83,100.31,104.18,100.49,103.8,107.37,100.73,104.39,99.37,99.51,100.34
해외단체여행비,98.62,99.68,97.71,101.51,98.87,96.4,102.74,106.4,102.58,102.64,95.85,91.93,91.24
10 교육,105.04,105.15,105.19,105.25,105.34,105.39,105.39,105.42,103.58,103.72,103.77,103.83,102.36
10.1 유치원 및 초등교육,106.12,106.12,105.7,105.7,105.7,105.7,105.7,105.7,105.27,105.27,105.26,105.26,98.58
유치원 및 초등교육,106.12,106.12,105.7,105.7,105.7,105.7,105.7,105.7,105.27,105.27,105.26,105.26,98.58
유치원납입금,106.12,106.12,105.7,105.7,105.7,105.7,105.7,105.7,105.27,105.27,105.26,105.26,98.58
10.2 중등교육,100.47,100.47,97.85,97.85,97.85,97.45,97.26,97.26,64.07,64.07,64.07,64.07,31.2
중등교육,100.47,100.47,97.85,97.85,97.85,97.45,97.26,97.26,64.07,64.07,64.07,64.07,31.2
고등학교납입금,100.47,100.47,97.85,97.85,97.85,97.45,97.26,97.26,64.07,64.07,64.07,64.07,31.2
10.3 고등교육,99.64,99.64,99.39,99.39,99.39,99.39,99.39,99.39,99.39,99.39,99.39,99.39,99.01
고등교육,99.64,99.64,99.39,99.39,99.39,99.39,99.39,99.39,99.39,99.39,99.39,99.39,99.01
전문대학납입금,100.08,100.08,100.08,100.08,100.08,100.08,100.08,100.08,100.08,100.08,100.08,100.08,100.27
국공립대학교납입금,98.5,98.5,98.41,98.41,98.41,98.41,98.41,98.41,98.41,98.41,98.41,98.41,98.35
사립대학교납입금,99.44,99.44,98.99,98.99,98.99,98.99,98.99,98.99,98.99,98.99,98.99,98.99,98.28
국공립대학원납입금,100.72,100.72,101.33,101.33,101.33,101.33,101.33,101.33,101.33,101.33,101.33,101.33,101.81
사립대학원납입금,101.63,101.63,102.06,102.06,102.06,102.06,102.06,102.06,102.06,102.06,102.06,102.06,102.53
10.4 기타교육,107.08,107.23,107.61,107.71,107.83,107.95,107.96,108,108.05,108.25,108.33,108.44,109.45
학원 및 보습교육,107.14,107.28,107.68,107.78,107.91,108.07,108.11,108.14,108.17,108.35,108.44,108.55,109.53
초등학생학원비,105.5,105.51,105.87,105.89,105.92,105.94,105.94,105.98,105.92,106.05,106.05,106.19,107.15
중학생학원비,105.77,105.96,106.23,106.35,106.43,106.78,106.83,106.85,106.82,107.01,107.02,107.03,108.62
고등학생학원비,108.78,108.95,109.26,109.26,109.41,109.53,109.52,109.55,109.67,109.88,110.18,110.45,111.17
음악학원비,110.56,110.74,111.09,111.42,111.44,111.44,111.47,111.47,111.56,111.77,111.84,111.88,114.27
미술학원비,108.32,108.47,109.47,109.56,109.89,110.01,110.18,110.42,110.54,110.8,110.88,110.88,112.31
운동학원비,111.3,111.51,112.62,113.05,113.54,113.72,113.9,113.97,113.99,114.36,114.44,114.53,116.25
전산학원비,104.15,104.16,104.16,104.32,104.51,104.57,104.61,104.61,104.69,104.77,105.14,105.43,107.3
가정학습지,105.12,105.12,105.12,105.12,105.12,105.12,105.12,105.12,105.12,105.12,105.12,105.12,105.12
이러닝이용료,110.31,110.31,110.31,110.31,110.31,110.31,110.31,110.31,110.31,110.31,110.31,110.31,91.45
학교보충교육비,103.55,103.59,104.45,104.46,104.65,104.68,104.72,104.79,104.86,104.85,104.85,104.86,104.75
성인학원 및 기타교육,106.13,106.55,106.53,106.61,106.65,106.13,105.69,105.89,106.27,106.8,106.65,106.71,108.25
취업학원비,105.88,106.55,106.47,106.51,106.14,104.84,102.71,102.84,103.74,105.49,104.75,104.79,108.21
외국어학원비,107.21,107.29,107.57,107.66,107.87,107.92,108.03,108.14,108.13,108.25,108.64,108.83,109.78
운동강습료,105.74,106.16,106.03,106.14,106.35,106.09,106.48,106.78,106.99,106.92,106.92,106.92,107.5
11 음식 및 숙박,109.7,109.89,109.63,109.8,110.01,110.11,110.35,110.64,110.09,110.27,110.29,110.45,110.95
11.1 음식 서비스,109.86,110.06,109.86,110.05,110.2,110.33,110.4,110.48,110.18,110.38,110.42,110.52,110.94
음식 서비스,109.86,110.06,109.86,110.05,110.2,110.33,110.4,110.48,110.18,110.38,110.42,110.52,110.94
김치찌개백반,109.16,109.51,109.9,110.09,110.09,110.31,110.31,110.37,110.57,110.95,111.22,111.36,112.15
된장찌개백반,109.73,110.08,110.53,110.73,110.73,110.8,110.8,110.86,110.86,111.44,111.44,111.6,112.25
비빔밥,109.63,109.71,110.08,110.36,110.47,110.55,110.55,110.7,110.68,110.82,110.87,110.88,111.16
설렁탕,111.58,111.99,112.42,112.47,112.59,113,113,113.16,113.17,113.23,113.23,113.39,113.96
갈비탕,117.8,117.92,118.21,118.19,118.45,118.45,118.51,118.99,119.14,119.36,119.49,119.49,121.23
삼계탕,107.85,108.22,108.56,108.73,108.95,109.09,109.35,109.46,109.5,109.5,109.5,109.5,109.7
해물찜,106.63,106.83,106.95,106.93,106.96,106.96,106.8,106.97,107.09,107.23,107.33,107.33,107.41
해장국,109.12,109.43,109.5,109.84,109.84,109.94,109.88,109.88,109.88,110.14,110.14,110.24,111.91
불고기,110,110.12,110.58,110.9,111.25,111.25,111.25,111.38,111.4,111.57,111.7,111.81,112.71
쇠고기(외식),111.38,111.61,111.61,111.85,112.06,112.23,112.27,112.38,112.5,112.87,113.05,113.21,114.94
돼지갈비(외식),110.35,110.39,110.57,110.6,110.64,110.86,111.01,111.03,111.03,111.51,111.51,111.51,111.73
삼겹살(외식),110.12,110.09,110.34,110.24,110.28,110.68,110.87,110.87,110.95,111.2,111.39,111.48,112
오리고기(외식),105.01,105.3,105.47,105.62,105.62,105.62,105.68,105.9,105.93,105.93,106.15,106.15,106.2
냉면,110.02,110.52,111.35,111.8,112.14,112.22,112.27,112.44,112.61,112.53,112.61,112.41,113.73
칼국수,110.28,110.59,110.82,111.18,111.07,111.3,111.35,111.51,111.59,111.93,112.14,112.09,113.3
죽(외식),108.67,108.67,115.16,115.16,115.16,115.16,115.16,115.16,115.16,115.16,115.16,115.16,115.16
생선초밥,107.23,107.54,107.63,107.76,108.18,108.13,108.15,108.3,108.53,108.53,108.87,108.87,109.04
생선회(외식),111.24,110.96,110.23,110.06,110.2,110.26,110.22,110.23,110.08,109.59,108.92,109.32,110.07
자장면,113.15,113.8,114.77,114.85,115.08,115.37,115.47,115.47,115.63,115.61,115.61,115.61,116.32
짬뽕,116.02,116.46,116.96,117.04,117.37,117.5,117.57,117.73,117.87,118.14,118.14,118.19,118.77
탕수육,109.68,109.9,110.47,110.47,110.52,110.52,110.62,110.7,110.9,110.99,111.08,111.16,111.62
볶음밥,113.25,113.72,114.04,114.04,114.25,114.5,114.58,114.69,114.74,114.89,115,115,115.77
돈가스,109.2,109.27,109.48,110.09,109.99,110.03,110.12,110.12,110.16,110.21,110.06,110.06,110.68
스테이크,108.51,108.67,108.75,108.9,108.85,108.95,108.89,108.98,109,109.65,109.85,109.95,110.37
스파게티,105.9,105.87,105.91,106.17,106.02,106.06,105.96,106.11,106.33,106.82,106.82,106.87,107.59
라면(외식),115.18,115.4,116.2,116.4,116.67,116.98,117.12,117.23,117.23,117.56,117.56,117.72,118.74
김밥,123.73,124.3,124.87,125.14,125.4,125.82,125.94,126.62,126.62,126.86,126.98,127.04,129.12
떡볶이,114.81,115.25,115.69,115.69,115.89,116.24,116.3,116.57,116.65,117.15,117.56,117.76,119.29
치킨,107.59,107.83,108.64,109.02,109.59,109.64,109.77,109.78,109.85,110,110.18,110.5,110.88
햄버거,107.85,108.21,108.21,108.21,108.21,108.21,108.21,108.21,108.21,108.21,108.21,109,108.21
피자,101.62,101.62,101.62,101.62,101.62,101.62,101.62,101.62,101.62,101.62,101.62,101.62,101.62
커피(외식),103.68,103.76,104.42,104.44,104.46,104.48,104.54,104.54,104.34,104.34,104.67,104.71,104.46
국산차(외식),100.13,100.26,100.29,100.34,100.34,100.34,100.34,100.34,100.34,100.34,100.41,100.41,100.64
소주(외식),121.06,121.06,121.31,121.31,121.82,121.89,121.89,121.89,121.82,122.18,122.18,122.18,122.4
맥주(외식),108.12,108.2,108.53,108.92,109.22,109.59,109.8,109.9,109.9,110.15,110.2,110.23,110.61
막걸리(외식),103.88,104.25,104.69,104.74,104.74,104.84,105.13,105.35,105.46,106.24,106.24,106.24,106.79
학교급식비,93.62,93.62,61.34,61.34,61.39,61.46,61.46,61.53,39.39,39.39,39.39,39.39,22.75
구내식당식사비,110.32,110.89,111.46,112.05,112.43,112.43,112.76,112.69,112.93,113.39,113.39,113.39,114.83
도시락,109.01,109.01,109.01,109.01,109.01,109.01,109.01,109.01,109.01,109.01,109.01,109.01,109.01
11.2 숙박 서비스,105.78,105.4,103.65,103.58,104.94,104.67,108.6,113.86,107.44,107.13,106.73,108.41,110.79
숙박 서비스,105.78,105.4,103.65,103.58,104.94,104.67,108.6,113.86,107.44,107.13,106.73,108.41,110.79
호텔숙박료,102.83,101.41,99.79,101.13,104.62,104.58,111.35,114.98,104.29,104.42,102.89,104.89,96.48
여관숙박료,100.02,99.9,99.98,99.99,100.04,99.88,100.16,99.88,99.71,99.85,99.93,100.26,98.68
콘도이용료,129.52,129.36,112.53,108.3,113.56,111.07,134.28,154.17,114.54,110.8,110.39,122.31,109.85
학교기숙사비,105.19,105.19,106.53,106.53,106.53,106.53,106.53,106.53,106.76,106.76,106.76,106.76,109.11
휴양시설이용료,102.98,102.98,102.98,102.98,102.98,102.98,102.98,110.13,110.13,110.13,110.13,110.13,125.6
12 기타 상품 및 서비스,107.85,108.19,108.38,108.62,109,108.73,108.81,108.77,108.77,108.85,108.92,108.94,110.81
12.1 미용용품 및 미용 서비스,100.84,101.14,101.86,101.63,102.34,101.86,101.96,101.89,101.32,101.4,101.53,101.66,102.8
이미용 및 미용시설,107.76,108.04,108.32,108.6,108.73,108.78,108.83,108.97,109.1,109.23,109.51,109.57,110.18
목욕료,110.86,111.17,111.62,111.62,111.62,111.62,111.66,111.84,112.25,112.49,112.68,112.95,114.6
찜질방이용료,109.5,109.91,110.32,110.47,110.77,111.08,111.34,111.21,111.36,111.72,111.83,111.99,112.06
이용료,105.11,105.16,105.3,105.47,105.47,105.62,105.53,105.68,105.68,105.73,105.74,105.78,106.57
미용료,107.26,107.54,107.83,108.19,108.34,108.35,108.36,108.56,108.63,108.71,109.11,109.11,109.52
뷰티미용료,106.52,106.75,106.79,106.97,107.04,107.1,107.22,107.22,107.41,107.56,107.51,107.61,108.74
개인용 전기용품 및 미용용품,95.01,95.33,96.37,95.74,96.92,96.02,96.15,95.92,94.79,94.82,94.83,95.03,96.59
면도기,103.09,102.82,114.76,105.56,114.97,104.71,114.3,104.7,100.18,102.5,102.07,99.58,113.13
헤어드라이어,84.38,80.84,84.74,80.45,84.68,82.32,86.18,100.81,104.42,101.46,103.33,80.41,81.63
칫솔,98.34,99.74,96.76,98.5,101.78,103.07,102.12,100.1,93.4,99.85,98.11,100.86,104.09
치약,97.03,100.14,101.75,93.92,102.58,102.45,99.3,100.33,98.77,94.38,94.74,94.48,102.7
비누,89.93,90.84,92.58,92.9,93.19,93.22,94.68,94.73,90.55,92.99,86.11,87.44,92.08
샴푸,81.19,83.44,87.72,87.65,91.06,83.8,80.98,83.69,80.44,81.9,80.16,79.84,74.85
바디워시,69,70.49,71.96,67.44,66.61,63.01,65.45,63.55,66.12,66.31,65.58,66.97,62.79
화장지,93.99,93.48,92.95,93.65,94.12,92.39,93.05,96.35,94.61,98.12,97.11,97.54,97.23
기초화장품,99.08,99.31,100.45,101.09,101.58,101.15,101.18,101.06,100.01,100,100.3,101.06,102.62
기능성화장품,95.86,95.86,95.86,95.22,95.61,95.72,96.09,94.16,93.45,93.24,93.51,94.22,96.03
색조화장품,102.93,104.29,104.87,105.54,106.05,108.07,106.04,106.32,105.35,105.16,105.51,105.62,105.49
모발염색약,87.87,86.89,87.72,84.26,85.12,86.13,87.78,83.61,82.72,76.63,79.57,82.85,92.03
구강세정제,90.08,92.77,94.59,90.74,91,104.53,94.6,93.2,103.63,94.63,94.53,97.82,101.95
12.3 기타 개인용품,106.22,107.01,106.24,107.98,107.85,107.23,107.38,107.33,109.76,109.6,109.59,109.23,108.48
기타 개인용품,106.22,107.01,106.24,107.98,107.85,107.23,107.38,107.33,109.76,109.6,109.59,109.23,108.48
손목시계,100.55,100.55,100.55,100.55,100.55,100.55,100.55,100.55,100.55,100.55,100.55,100.55,103.9
장신구,107.75,107.75,99.96,107.75,107.75,107.75,110.62,110.62,117.33,117.33,117.33,117.33,117.33
가방,110.4,110.4,110.4,110.4,110.4,110.4,110.4,110.4,111.06,111.06,111.06,111.06,111.21
핸드백,100.2,106.06,106.06,106.06,106.06,106.06,106.06,106.06,109.69,109.69,109.69,109.69,102.28
우산,98.64,98.54,98.54,99.21,98.06,98.73,99.4,99.46,99.57,99.59,99.45,99.29,98.58
유모차,110.97,111.62,111.96,111.93,111.33,111.25,111.28,110.74,109.79,108.47,108.41,108.5,109.73
지갑,96.08,94.18,96.08,104.94,104.94,97.2,94.18,94.18,104.94,104.94,104.94,100.59,99.56
12.4~7 기타서비스,119.58,119.8,119.45,119.9,119.91,120.18,120.18,120.19,120.2,120.35,120.36,120.34,124.59
기타서비스,119.58,119.8,119.45,119.9,119.91,120.18,120.18,120.19,120.2,120.35,120.36,120.34,124.59
산후조리원이용료,105.39,105.56,106,106.26,106.45,106.6,106.65,106.92,107.22,107.26,107.4,106.96,107.69
보육시설이용료,102.69,102.69,98.3,98.3,98.3,98.3,98.3,98.3,98.3,98.3,98.3,98.3,95.39
요양시설이용료,122.35,122.35,122.35,122.35,122.35,122.35,122.35,122.35,122.35,122.35,122.35,122.35,125.35
보험서비스료,151.43,151.43,151.43,152.96,152.96,152.96,152.96,152.96,152.96,152.96,152.96,152.96,165.29
자동차보험료,104.46,105.24,105.24,105.24,105.24,106.68,106.68,106.68,106.68,106.68,106.68,106.68,111.33
금융수수료,99.92,99.92,99.92,99.92,99.92,99.92,99.92,99.92,99.92,100,99.91,100,99.91
부동산중개수수료,98.68,98.68,98.68,98.68,98.68,98.68,98.68,98.68,98.68,98.68,98.68,98.68,98.68
행정수수료,100,100,100,100,100,100,100,100,100,100,100,100,100
대입전형료,85.92,85.92,85.92,85.92,85.92,85.92,85.92,85.92,85.92,85.92,85.92,85.92,86.02
시험응시료,105.23,105.23,105.23,105.23,105.23,105.23,105.23,105.23,105.23,110.02,110.02,110.02,110.02
장례비,105.47,105.99,106.29,106.32,106.35,106.32,106.32,106.32,106.32,106.34,106.38,106.4,106.89
,,,,,,,,,,,,,
*)추가,,,,,,,,,,,,,
한국은행기준금리,1.75,1.75,1.75,1.75,1.75,1.75,1.5,1.5,1.25,1.25,1.25,1.25,0.5
